País de Origem,País de Destino,Ano,Quantidade (L),Valor (US$)
Brasil,Afeganistão,2007,0,0
Brasil,Afeganistão,2008,0,0
Brasil,Afeganistão,2009,0,0
Brasil,Afeganistão,2010,0,0
Brasil,Afeganistão,2011,0,0
Brasil,Afeganistão,2012,0,0
Brasil,Afeganistão,2013,0,0
Brasil,Afeganistão,2014,0,0
Brasil,Afeganistão,2015,0,0
Brasil,Afeganistão,2016,0,0
Brasil,Afeganistão,2017,0,0
Brasil,Afeganistão,2018,0,0
Brasil,Afeganistão,2019,0,0
Brasil,Afeganistão,2020,0,0
Brasil,Afeganistão,2021,11,46
Brasil,África do Sul,2007,0,0
Brasil,África do Sul,2008,0,0
Brasil,África do Sul,2009,0,0
Brasil,África do Sul,2010,0,0
Brasil,África do Sul,2011,0,0
Brasil,África do Sul,2012,0,0
Brasil,África do Sul,2013,0,0
Brasil,África do Sul,2014,0,0
Brasil,África do Sul,2015,0,0
Brasil,África do Sul,2016,0,0
Brasil,África do Sul,2017,0,0
Brasil,África do Sul,2018,0,0
Brasil,África do Sul,2019,26,95
Brasil,África do Sul,2020,4,21
Brasil,África do Sul,2021,0,0
Brasil,Alemanha,2007,119512,238052
Brasil,Alemanha,2008,265742,429970
Brasil,Alemanha,2009,225086,393482
Brasil,Alemanha,2010,27715,138666
Brasil,Alemanha,2011,36070,144150
Brasil,Alemanha,2012,8189,56342
Brasil,Alemanha,2013,61699,265978
Brasil,Alemanha,2014,213348,761653
Brasil,Alemanha,2015,10680,44780
Brasil,Alemanha,2016,14012,68109
Brasil,Alemanha,2017,15467,87702
Brasil,Alemanha,2018,10794,45382
Brasil,Alemanha,2019,3660,25467
Brasil,Alemanha,2020,6261,32605
Brasil,Alemanha,2021,2698,6741
Brasil,Angola,2007,25931,49753
Brasil,Angola,2008,25721,71083
Brasil,Angola,2009,54786,84235
Brasil,Angola,2010,33557,189891
Brasil,Angola,2011,13889,69001
Brasil,Angola,2012,2833,8861
Brasil,Angola,2013,1573,9300
Brasil,Angola,2014,12182,23124
Brasil,Angola,2015,1908,17089
Brasil,Angola,2016,7359,35390
Brasil,Angola,2017,10170,61680
Brasil,Angola,2018,477,709
Brasil,Angola,2019,345,1065
Brasil,Angola,2020,0,0
Brasil,Angola,2021,0,0
Brasil,Anguilla,2007,0,0
Brasil,Anguilla,2008,0,0
Brasil,Anguilla,2009,0,0
Brasil,Anguilla,2010,0,0
Brasil,Anguilla,2011,0,0
Brasil,Anguilla,2012,0,0
Brasil,Anguilla,2013,0,0
Brasil,Anguilla,2014,0,0
Brasil,Anguilla,2015,0,0
Brasil,Anguilla,2016,0,0
Brasil,Anguilla,2017,0,0
Brasil,Anguilla,2018,0,0
Brasil,Anguilla,2019,0,0
Brasil,Anguilla,2020,0,0
Brasil,Anguilla,2021,0,0
Brasil,Antígua e Barbuda,2007,0,0
Brasil,Antígua e Barbuda,2008,0,0
Brasil,Antígua e Barbuda,2009,0,0
Brasil,Antígua e Barbuda,2010,0,0
Brasil,Antígua e Barbuda,2011,0,0
Brasil,Antígua e Barbuda,2012,0,0
Brasil,Antígua e Barbuda,2013,0,0
Brasil,Antígua e Barbuda,2014,0,0
Brasil,Antígua e Barbuda,2015,0,0
Brasil,Antígua e Barbuda,2016,0,0
Brasil,Antígua e Barbuda,2017,0,0
Brasil,Antígua e Barbuda,2018,37,191
Brasil,Antígua e Barbuda,2019,219,1549
Brasil,Antígua e Barbuda,2020,624,1864
Brasil,Antígua e Barbuda,2021,805,2268
Brasil,Antilhas Holandesas,2007,17025,17949
Brasil,Antilhas Holandesas,2008,17938,22908
Brasil,Antilhas Holandesas,2009,8235,10651
Brasil,Antilhas Holandesas,2010,9810,12808
Brasil,Antilhas Holandesas,2011,7335,10188
Brasil,Antilhas Holandesas,2012,9247,14081
Brasil,Antilhas Holandesas,2013,11281,19565
Brasil,Antilhas Holandesas,2014,4455,7169
Brasil,Antilhas Holandesas,2015,6660,10545
Brasil,Antilhas Holandesas,2016,16641,26450
Brasil,Antilhas Holandesas,2017,5400,8550
Brasil,Antilhas Holandesas,2018,0,0
Brasil,Antilhas Holandesas,2019,0,0
Brasil,Antilhas Holandesas,2020,0,0
Brasil,Antilhas Holandesas,2021,0,0
Brasil,Argentina,2007,0,0
Brasil,Argentina,2008,0,0
Brasil,Argentina,2009,162,4523
Brasil,Argentina,2010,0,0
Brasil,Argentina,2011,13253,55460
Brasil,Argentina,2012,0,0
Brasil,Argentina,2013,0,0
Brasil,Argentina,2014,20385,95130
Brasil,Argentina,2015,0,0
Brasil,Argentina,2016,0,0
Brasil,Argentina,2017,0,0
Brasil,Argentina,2018,15711,59150
Brasil,Argentina,2019,0,0
Brasil,Argentina,2020,1015,4176
Brasil,Argentina,2021,6,13
Brasil,Aruba,2007,0,0
Brasil,Aruba,2008,0,0
Brasil,Aruba,2009,0,0
Brasil,Aruba,2010,0,0
Brasil,Aruba,2011,900,1680
Brasil,Aruba,2012,0,0
Brasil,Aruba,2013,0,0
Brasil,Aruba,2014,450,755
Brasil,Aruba,2015,0,0
Brasil,Aruba,2016,0,0
Brasil,Aruba,2017,0,0
Brasil,Aruba,2018,0,0
Brasil,Aruba,2019,0,0
Brasil,Aruba,2020,0,0
Brasil,Aruba,2021,0,0
Brasil,Austrália,2007,60,281
Brasil,Austrália,2008,218726,99280
Brasil,Austrália,2009,1014,9195
Brasil,Austrália,2010,1823,17960
Brasil,Austrália,2011,3632,40704
Brasil,Austrália,2012,9345,56045
Brasil,Austrália,2013,16707,101715
Brasil,Austrália,2014,6308,43709
Brasil,Austrália,2015,7437,48011
Brasil,Austrália,2016,1954,13799
Brasil,Austrália,2017,1350,7500
Brasil,Austrália,2018,2055,6902
Brasil,Austrália,2019,1161,4682
Brasil,Austrália,2020,1013,3413
Brasil,Austrália,2021,705,4034
Brasil,Áustria,2007,0,0
Brasil,Áustria,2008,0,0
Brasil,Áustria,2009,0,0
Brasil,Áustria,2010,0,0
Brasil,Áustria,2011,0,0
Brasil,Áustria,2012,0,0
Brasil,Áustria,2013,0,0
Brasil,Áustria,2014,0,0
Brasil,Áustria,2015,0,0
Brasil,Áustria,2016,675,5220
Brasil,Áustria,2017,0,0
Brasil,Áustria,2018,0,0
Brasil,Áustria,2019,0,0
Brasil,Áustria,2020,0,0
Brasil,Áustria,2021,0,0
Brasil,Bahamas,2007,0,0
Brasil,Bahamas,2008,0,0
Brasil,Bahamas,2009,0,0
Brasil,Bahamas,2010,3175,12759
Brasil,Bahamas,2011,4529,28810
Brasil,Bahamas,2012,1374,12087
Brasil,Bahamas,2013,581,5145
Brasil,Bahamas,2014,0,0
Brasil,Bahamas,2015,0,0
Brasil,Bahamas,2016,0,0
Brasil,Bahamas,2017,0,0
Brasil,Bahamas,2018,141,634
Brasil,Bahamas,2019,791,3124
Brasil,Bahamas,2020,1212,3703
Brasil,Bahamas,2021,1083,4567
Brasil,Bangladesh,2007,0,0
Brasil,Bangladesh,2008,0,0
Brasil,Bangladesh,2009,0,0
Brasil,Bangladesh,2010,0,0
Brasil,Bangladesh,2011,0,0
Brasil,Bangladesh,2012,0,0
Brasil,Bangladesh,2013,0,0
Brasil,Bangladesh,2014,0,0
Brasil,Bangladesh,2015,0,0
Brasil,Bangladesh,2016,0,0
Brasil,Bangladesh,2017,0,0
Brasil,Bangladesh,2018,0,0
Brasil,Bangladesh,2019,0,0
Brasil,Bangladesh,2020,3,29
Brasil,Bangladesh,2021,2,20
Brasil,Barbados,2007,0,0
Brasil,Barbados,2008,0,0
Brasil,Barbados,2009,0,0
Brasil,Barbados,2010,0,0
Brasil,Barbados,2011,0,0
Brasil,Barbados,2012,0,0
Brasil,Barbados,2013,0,0
Brasil,Barbados,2014,0,0
Brasil,Barbados,2015,0,0
Brasil,Barbados,2016,0,0
Brasil,Barbados,2017,0,0
Brasil,Barbados,2018,0,0
Brasil,Barbados,2019,36,394
Brasil,Barbados,2020,143,169
Brasil,Barbados,2021,216,844
Brasil,Barein,2007,0,0
Brasil,Barein,2008,0,0
Brasil,Barein,2009,0,0
Brasil,Barein,2010,0,0
Brasil,Barein,2011,0,0
Brasil,Barein,2012,0,0
Brasil,Barein,2013,0,0
Brasil,Barein,2014,0,0
Brasil,Barein,2015,0,0
Brasil,Barein,2016,0,0
Brasil,Barein,2017,0,0
Brasil,Barein,2018,0,0
Brasil,Barein,2019,482,2144
Brasil,Barein,2020,8,28
Brasil,Barein,2021,302,894
Brasil,Bélgica,2007,1077,3751
Brasil,Bélgica,2008,3523,12969
Brasil,Bélgica,2009,125962,58764
Brasil,Bélgica,2010,42532,185411
Brasil,Bélgica,2011,11802,62339
Brasil,Bélgica,2012,16132,90718
Brasil,Bélgica,2013,22461,95893
Brasil,Bélgica,2014,151320,704093
Brasil,Bélgica,2015,4473,26399
Brasil,Bélgica,2016,7200,46534
Brasil,Bélgica,2017,2790,16405
Brasil,Bélgica,2018,7497,52799
Brasil,Bélgica,2019,2498,12548
Brasil,Bélgica,2020,3166,20460
Brasil,Bélgica,2021,483,3749
Brasil,Belize,2007,0,0
Brasil,Belize,2008,0,0
Brasil,Belize,2009,0,0
Brasil,Belize,2010,0,0
Brasil,Belize,2011,0,0
Brasil,Belize,2012,0,0
Brasil,Belize,2013,0,0
Brasil,Belize,2014,0,0
Brasil,Belize,2015,0,0
Brasil,Belize,2016,0,0
Brasil,Belize,2017,0,0
Brasil,Belize,2018,0,0
Brasil,Belize,2019,9,29
Brasil,Belize,2020,0,0
Brasil,Belize,2021,0,0
Brasil,Benin,2007,0,0
Brasil,Benin,2008,10350,17423
Brasil,Benin,2009,0,0
Brasil,Benin,2010,0,0
Brasil,Benin,2011,0,0
Brasil,Benin,2012,0,0
Brasil,Benin,2013,0,0
Brasil,Benin,2014,0,0
Brasil,Benin,2015,0,0
Brasil,Benin,2016,5040,20333
Brasil,Benin,2017,0,0
Brasil,Benin,2018,0,0
Brasil,Benin,2019,9,9
Brasil,Benin,2020,0,0
Brasil,Benin,2021,0,0
Brasil,Bolívia,2007,4985,3550
Brasil,Bolívia,2008,3979,3990
Brasil,Bolívia,2009,40463,20729
Brasil,Bolívia,2010,54,282
Brasil,Bolívia,2011,12775,20215
Brasil,Bolívia,2012,11868,16804
Brasil,Bolívia,2013,19147,25998
Brasil,Bolívia,2014,12534,18303
Brasil,Bolívia,2015,10674,12990
Brasil,Bolívia,2016,13586,16902
Brasil,Bolívia,2017,9495,23085
Brasil,Bolívia,2018,21566,57424
Brasil,Bolívia,2019,0,0
Brasil,Bolívia,2020,9900,16025
Brasil,Bolívia,2021,5850,8360
Brasil,Bósnia e Herzegovina,2007,0,0
Brasil,Bósnia e Herzegovina,2008,0,0
Brasil,Bósnia e Herzegovina,2009,0,0
Brasil,Bósnia e Herzegovina,2010,0,0
Brasil,Bósnia e Herzegovina,2011,0,0
Brasil,Bósnia e Herzegovina,2012,0,0
Brasil,Bósnia e Herzegovina,2013,0,0
Brasil,Bósnia e Herzegovina,2014,0,0
Brasil,Bósnia e Herzegovina,2015,0,0
Brasil,Bósnia e Herzegovina,2016,0,0
Brasil,Bósnia e Herzegovina,2017,0,0
Brasil,Bósnia e Herzegovina,2018,0,0
Brasil,Bósnia e Herzegovina,2019,0,0
Brasil,Bósnia e Herzegovina,2020,45,52
Brasil,Bósnia e Herzegovina,2021,0,0
Brasil,Bulgária,2007,0,0
Brasil,Bulgária,2008,0,0
Brasil,Bulgária,2009,0,0
Brasil,Bulgária,2010,0,0
Brasil,Bulgária,2011,0,0
Brasil,Bulgária,2012,0,0
Brasil,Bulgária,2013,0,0
Brasil,Bulgária,2014,0,0
Brasil,Bulgária,2015,0,0
Brasil,Bulgária,2016,0,0
Brasil,Bulgária,2017,117,1579
Brasil,Bulgária,2018,0,0
Brasil,Bulgária,2019,0,0
Brasil,Bulgária,2020,0,0
Brasil,Bulgária,2021,0,0
Brasil,Cabo Verde,2007,0,0
Brasil,Cabo Verde,2008,0,0
Brasil,Cabo Verde,2009,0,0
Brasil,Cabo Verde,2010,11991,49366
Brasil,Cabo Verde,2011,600,825
Brasil,Cabo Verde,2012,0,0
Brasil,Cabo Verde,2013,0,0
Brasil,Cabo Verde,2014,0,0
Brasil,Cabo Verde,2015,0,0
Brasil,Cabo Verde,2016,0,0
Brasil,Cabo Verde,2017,0,0
Brasil,Cabo Verde,2018,18,48
Brasil,Cabo Verde,2019,0,0
Brasil,Cabo Verde,2020,0,0
Brasil,Cabo Verde,2021,16,124
Brasil,Camarões,2007,0,0
Brasil,Camarões,2008,0,0
Brasil,Camarões,2009,0,0
Brasil,Camarões,2010,0,0
Brasil,Camarões,2011,0,0
Brasil,Camarões,2012,0,0
Brasil,Camarões,2013,0,0
Brasil,Camarões,2014,0,0
Brasil,Camarões,2015,0,0
Brasil,Camarões,2016,0,0
Brasil,Camarões,2017,1749,7476
Brasil,Camarões,2018,0,0
Brasil,Camarões,2019,0,0
Brasil,Camarões,2020,0,178
Brasil,Camarões,2021,0,0
Brasil,Canadá,2007,4172,18838
Brasil,Canadá,2008,20949,80476
Brasil,Canadá,2009,15664,73445
Brasil,Canadá,2010,0,0
Brasil,Canadá,2011,28906,128076
Brasil,Canadá,2012,14304,146035
Brasil,Canadá,2013,25329,174643
Brasil,Canadá,2014,35082,226875
Brasil,Canadá,2015,24547,118394
Brasil,Canadá,2016,13711,71096
Brasil,Canadá,2017,6075,30658
Brasil,Canadá,2018,5308,20414
Brasil,Canadá,2019,1589,6933
Brasil,Canadá,2020,1672,8431
Brasil,Canadá,2021,1172,6157
Brasil,Catar,2007,0,0
Brasil,Catar,2008,0,0
Brasil,Catar,2009,0,0
Brasil,Catar,2010,0,0
Brasil,Catar,2011,0,0
Brasil,Catar,2012,0,0
Brasil,Catar,2013,0,0
Brasil,Catar,2014,0,0
Brasil,Catar,2015,0,0
Brasil,Catar,2016,0,0
Brasil,Catar,2017,13338,81606
Brasil,Catar,2018,0,0
Brasil,Catar,2019,0,0
Brasil,Catar,2020,0,0
Brasil,Catar,2021,1,2
Brasil,Ilhas Cayman,2007,0,0
Brasil,Ilhas Cayman,2008,0,0
Brasil,Ilhas Cayman,2009,0,0
Brasil,Ilhas Cayman,2010,0,0
Brasil,Ilhas Cayman,2011,0,0
Brasil,Ilhas Cayman,2012,0,0
Brasil,Ilhas Cayman,2013,0,0
Brasil,Ilhas Cayman,2014,0,0
Brasil,Ilhas Cayman,2015,0,0
Brasil,Ilhas Cayman,2016,0,0
Brasil,Ilhas Cayman,2017,0,0
Brasil,Ilhas Cayman,2018,19,203
Brasil,Ilhas Cayman,2019,19,106
Brasil,Ilhas Cayman,2020,123,339
Brasil,Ilhas Cayman,2021,104,356
Brasil,Chile,2007,60930,67353
Brasil,Chile,2008,0,0
Brasil,Chile,2009,1475,4297
Brasil,Chile,2010,0,0
Brasil,Chile,2011,0,0
Brasil,Chile,2012,8550,15438
Brasil,Chile,2013,0,0
Brasil,Chile,2014,0,0
Brasil,Chile,2015,0,0
Brasil,Chile,2016,0,0
Brasil,Chile,2017,0,0
Brasil,Chile,2018,11049,42832
Brasil,Chile,2019,0,0
Brasil,Chile,2020,11,13
Brasil,Chile,2021,26,6
Brasil,China,2007,7638,30390
Brasil,China,2008,8689,25926
Brasil,China,2009,1553416,482400
Brasil,China,2010,795,2358
Brasil,China,2011,54156,334867
Brasil,China,2012,87905,642177
Brasil,China,2013,40929,279956
Brasil,China,2014,64040,455340
Brasil,China,2015,47609,222866
Brasil,China,2016,134106,499622
Brasil,China,2017,67594,266086
Brasil,China,2018,30835,126336
Brasil,China,2019,129852,376828
Brasil,China,2020,122253,363000
Brasil,China,2021,61884,264116
Brasil,Chipre,2007,0,0
Brasil,Chipre,2008,0,0
Brasil,Chipre,2009,0,0
Brasil,Chipre,2010,0,0
Brasil,Chipre,2011,0,0
Brasil,Chipre,2012,0,0
Brasil,Chipre,2013,0,0
Brasil,Chipre,2014,0,0
Brasil,Chipre,2015,0,0
Brasil,Chipre,2016,0,0
Brasil,Chipre,2017,0,0
Brasil,Chipre,2018,279,480
Brasil,Chipre,2019,672,1843
Brasil,Chipre,2020,2478,6785
Brasil,Chipre,2021,1855,4530
Brasil,Colômbia,2007,0,0
Brasil,Colômbia,2008,0,0
Brasil,Colômbia,2009,0,0
Brasil,Colômbia,2010,0,0
Brasil,Colômbia,2011,0,0
Brasil,Colômbia,2012,0,0
Brasil,Colômbia,2013,8,30
Brasil,Colômbia,2014,0,0
Brasil,Colômbia,2015,0,0
Brasil,Colômbia,2016,0,0
Brasil,Colômbia,2017,0,0
Brasil,Colômbia,2018,6944,26273
Brasil,Colômbia,2019,897,1999
Brasil,Colômbia,2020,15660,23780
Brasil,Colômbia,2021,12160,21867
Brasil,Comores,2007,0,0
Brasil,Comores,2008,0,0
Brasil,Comores,2009,0,0
Brasil,Comores,2010,0,0
Brasil,Comores,2011,0,0
Brasil,Comores,2012,0,0
Brasil,Comores,2013,0,0
Brasil,Comores,2014,0,0
Brasil,Comores,2015,0,0
Brasil,Comores,2016,0,0
Brasil,Comores,2017,0,0
Brasil,Comores,2018,0,0
Brasil,Comores,2019,0,0
Brasil,Comores,2020,9,25
Brasil,Comores,2021,0,0
Brasil,Congo,2007,0,0
Brasil,Congo,2008,0,0
Brasil,Congo,2009,0,0
Brasil,Congo,2010,0,0
Brasil,Congo,2011,360,570
Brasil,Congo,2012,0,0
Brasil,Congo,2013,0,0
Brasil,Congo,2014,0,0
Brasil,Congo,2015,0,0
Brasil,Congo,2016,0,0
Brasil,Congo,2017,0,0
Brasil,Congo,2018,0,0
Brasil,Congo,2019,0,0
Brasil,Congo,2020,0,0
Brasil,Congo,2021,0,0
Brasil,Coreia do Sul,2007,1012,4650
Brasil,Coreia do Sul,2008,3520,14366
Brasil,Coreia do Sul,2009,0,0
Brasil,Coreia do Sul,2010,0,0
Brasil,Coreia do Sul,2011,0,0
Brasil,Coreia do Sul,2012,0,0
Brasil,Coreia do Sul,2013,0,0
Brasil,Coreia do Sul,2014,0,0
Brasil,Coreia do Sul,2015,0,0
Brasil,Coreia do Sul,2016,8,20
Brasil,Coreia do Sul,2017,0,0
Brasil,Coreia do Sul,2018,120,109
Brasil,Coreia do Sul,2019,70,194
Brasil,Coreia do Sul,2020,103,433
Brasil,Coreia do Sul,2021,67,100
Brasil,Costa do Marfim,2007,0,0
Brasil,Costa do Marfim,2008,0,0
Brasil,Costa do Marfim,2009,0,0
Brasil,Costa do Marfim,2010,0,0
Brasil,Costa do Marfim,2011,0,0
Brasil,Costa do Marfim,2012,0,0
Brasil,Costa do Marfim,2013,0,0
Brasil,Costa do Marfim,2014,0,0
Brasil,Costa do Marfim,2015,0,0
Brasil,Costa do Marfim,2016,0,0
Brasil,Costa do Marfim,2017,0,0
Brasil,Costa do Marfim,2018,0,0
Brasil,Costa do Marfim,2019,0,0
Brasil,Costa do Marfim,2020,0,0
Brasil,Costa do Marfim,2021,0,0
Brasil,Costa Rica,2007,0,0
Brasil,Costa Rica,2008,55,200
Brasil,Costa Rica,2009,0,0
Brasil,Costa Rica,2010,0,0
Brasil,Costa Rica,2011,0,0
Brasil,Costa Rica,2012,0,0
Brasil,Costa Rica,2013,0,0
Brasil,Costa Rica,2014,0,0
Brasil,Costa Rica,2015,0,0
Brasil,Costa Rica,2016,0,0
Brasil,Costa Rica,2017,0,0
Brasil,Costa Rica,2018,0,0
Brasil,Costa Rica,2019,0,0
Brasil,Costa Rica,2020,0,0
Brasil,Costa Rica,2021,0,0
Brasil,Croácia,2007,0,0
Brasil,Croácia,2008,0,0
Brasil,Croácia,2009,0,0
Brasil,Croácia,2010,0,0
Brasil,Croácia,2011,0,0
Brasil,Croácia,2012,0,0
Brasil,Croácia,2013,0,0
Brasil,Croácia,2014,0,0
Brasil,Croácia,2015,0,0
Brasil,Croácia,2016,0,0
Brasil,Croácia,2017,0,0
Brasil,Croácia,2018,0,0
Brasil,Croácia,2019,0,0
Brasil,Croácia,2020,21,123
Brasil,Croácia,2021,0,0
Brasil,Cuba,2007,2669,5118
Brasil,Cuba,2008,0,0
Brasil,Cuba,2009,0,0
Brasil,Cuba,2010,0,0
Brasil,Cuba,2011,2880,4899
Brasil,Cuba,2012,0,0
Brasil,Cuba,2013,0,0
Brasil,Cuba,2014,38875,43200
Brasil,Cuba,2015,97965,108864
Brasil,Cuba,2016,63741,69830
Brasil,Cuba,2017,62791,72229
Brasil,Cuba,2018,4776,5584
Brasil,Cuba,2019,0,0
Brasil,Cuba,2020,0,0
Brasil,Cuba,2021,0,0
Brasil,Curaçao,2007,0,0
Brasil,Curaçao,2008,0,0
Brasil,Curaçao,2009,0,0
Brasil,Curaçao,2010,0,0
Brasil,Curaçao,2011,0,0
Brasil,Curaçao,2012,0,0
Brasil,Curaçao,2013,0,0
Brasil,Curaçao,2014,0,0
Brasil,Curaçao,2015,0,0
Brasil,Curaçao,2016,0,0
Brasil,Curaçao,2017,12340,23011
Brasil,Curaçao,2018,23930,43676
Brasil,Curaçao,2019,33951,62067
Brasil,Curaçao,2020,47962,65986
Brasil,Curaçao,2021,32263,58993
Brasil,Dinamarca,2007,3480,11176
Brasil,Dinamarca,2008,518,15905
Brasil,Dinamarca,2009,1980,21780
Brasil,Dinamarca,2010,7034,69161
Brasil,Dinamarca,2011,32797,83057
Brasil,Dinamarca,2012,4716,23802
Brasil,Dinamarca,2013,17892,101915
Brasil,Dinamarca,2014,3240,16871
Brasil,Dinamarca,2015,7080,29306
Brasil,Dinamarca,2016,1278,8171
Brasil,Dinamarca,2017,581,2829
Brasil,Dinamarca,2018,0,0
Brasil,Dinamarca,2019,240,306
Brasil,Dinamarca,2020,659,1962
Brasil,Dinamarca,2021,87,504
Brasil,Dominica,2007,0,0
Brasil,Dominica,2008,0,0
Brasil,Dominica,2009,0,0
Brasil,Dominica,2010,0,0
Brasil,Dominica,2011,0,0
Brasil,Dominica,2012,0,0
Brasil,Dominica,2013,0,0
Brasil,Dominica,2014,0,0
Brasil,Dominica,2015,0,0
Brasil,Dominica,2016,0,0
Brasil,Dominica,2017,0,0
Brasil,Dominica,2018,0,0
Brasil,Dominica,2019,0,0
Brasil,Dominica,2020,0,0
Brasil,Dominica,2021,460,634
Brasil,El Salvador,2007,0,0
Brasil,El Salvador,2008,0,0
Brasil,El Salvador,2009,55,100
Brasil,El Salvador,2010,0,0
Brasil,El Salvador,2011,0,0
Brasil,El Salvador,2012,0,0
Brasil,El Salvador,2013,0,0
Brasil,El Salvador,2014,0,0
Brasil,El Salvador,2015,0,0
Brasil,El Salvador,2016,0,0
Brasil,El Salvador,2017,0,0
Brasil,El Salvador,2018,0,0
Brasil,El Salvador,2019,0,0
Brasil,El Salvador,2020,0,0
Brasil,El Salvador,2021,0,0
Brasil,Emirados Árabes Unidos,2007,0,0
Brasil,Emirados Árabes Unidos,2008,2437,12298
Brasil,Emirados Árabes Unidos,2009,1398,4032
Brasil,Emirados Árabes Unidos,2010,1035,3206
Brasil,Emirados Árabes Unidos,2011,2120,6594
Brasil,Emirados Árabes Unidos,2012,675,3300
Brasil,Emirados Árabes Unidos,2013,0,0
Brasil,Emirados Árabes Unidos,2014,640,3381
Brasil,Emirados Árabes Unidos,2015,765,3740
Brasil,Emirados Árabes Unidos,2016,585,2760
Brasil,Emirados Árabes Unidos,2017,675,3302
Brasil,Emirados Árabes Unidos,2018,360,1762
Brasil,Emirados Árabes Unidos,2019,450,2202
Brasil,Emirados Árabes Unidos,2020,581,2279
Brasil,Emirados Árabes Unidos,2021,810,10522
Brasil,Equador,2007,2700,3585
Brasil,Equador,2008,0,0
Brasil,Equador,2009,0,0
Brasil,Equador,2010,0,0
Brasil,Equador,2011,0,0
Brasil,Equador,2012,0,0
Brasil,Equador,2013,0,0
Brasil,Equador,2014,0,0
Brasil,Equador,2015,0,0
Brasil,Equador,2016,0,0
Brasil,Equador,2017,0,0
Brasil,Equador,2018,0,0
Brasil,Equador,2019,2,3
Brasil,Equador,2020,3780,3824
Brasil,Equador,2021,0,0
Brasil,Eslováquia,2007,0,0
Brasil,Eslováquia,2008,585,16063
Brasil,Eslováquia,2009,0,0
Brasil,Eslováquia,2010,0,0
Brasil,Eslováquia,2011,0,0
Brasil,Eslováquia,2012,0,0
Brasil,Eslováquia,2013,0,0
Brasil,Eslováquia,2014,0,0
Brasil,Eslováquia,2015,0,0
Brasil,Eslováquia,2016,0,0
Brasil,Eslováquia,2017,0,0
Brasil,Eslováquia,2018,0,0
Brasil,Eslováquia,2019,0,0
Brasil,Eslováquia,2020,0,0
Brasil,Eslováquia,2021,0,0
Brasil,Espanha,2007,0,0
Brasil,Espanha,2008,2942,6834
Brasil,Espanha,2009,2181,4050
Brasil,Espanha,2010,0,0
Brasil,Espanha,2011,5206,24618
Brasil,Espanha,2012,0,0
Brasil,Espanha,2013,1972980,3748940
Brasil,Espanha,2014,0,0
Brasil,Espanha,2015,0,0
Brasil,Espanha,2016,0,0
Brasil,Espanha,2017,0,0
Brasil,Espanha,2018,6123,22631
Brasil,Espanha,2019,3540,1353
Brasil,Espanha,2020,28,126
Brasil,Espanha,2021,0,0
Brasil,Estados Unidos,2007,479269,810038
Brasil,Estados Unidos,2008,443895,804607
Brasil,Estados Unidos,2009,372319,660066
Brasil,Estados Unidos,2010,228968,478630
Brasil,Estados Unidos,2011,306787,1030254
Brasil,Estados Unidos,2012,146585,303986
Brasil,Estados Unidos,2013,245368,786556
Brasil,Estados Unidos,2014,222267,494216
Brasil,Estados Unidos,2015,195896,524109
Brasil,Estados Unidos,2016,258072,687411
Brasil,Estados Unidos,2017,132688,1523699
Brasil,Estados Unidos,2018,169109,512519
Brasil,Estados Unidos,2019,209765,616274
Brasil,Estados Unidos,2020,300178,610793
Brasil,Estados Unidos,2021,111085,203554
Brasil,Estônia,2007,77697,54056
Brasil,Estônia,2008,4114,9730
Brasil,Estônia,2009,5438,10802
Brasil,Estônia,2010,15848,40778
Brasil,Estônia,2011,450,5336
Brasil,Estônia,2012,3321,19384
Brasil,Estônia,2013,0,0
Brasil,Estônia,2014,0,0
Brasil,Estônia,2015,0,0
Brasil,Estônia,2016,900,4800
Brasil,Estônia,2017,0,0
Brasil,Estônia,2018,0,0
Brasil,Estônia,2019,0,0
Brasil,Estônia,2020,0,0
Brasil,Estônia,2021,0,0
Brasil,Filipinas,2007,0,0
Brasil,Filipinas,2008,0,0
Brasil,Filipinas,2009,0,0
Brasil,Filipinas,2010,0,0
Brasil,Filipinas,2011,0,0
Brasil,Filipinas,2012,0,0
Brasil,Filipinas,2013,0,0
Brasil,Filipinas,2014,0,0
Brasil,Filipinas,2015,0,0
Brasil,Filipinas,2016,0,0
Brasil,Filipinas,2017,0,0
Brasil,Filipinas,2018,9608,16205
Brasil,Filipinas,2019,736,2486
Brasil,Filipinas,2020,719,1548
Brasil,Filipinas,2021,2784,10368
Brasil,Finlândia,2007,0,0
Brasil,Finlândia,2008,0,0
Brasil,Finlândia,2009,0,0
Brasil,Finlândia,2010,0,0
Brasil,Finlândia,2011,12404,50394
Brasil,Finlândia,2012,17100,67959
Brasil,Finlândia,2013,36682,283114
Brasil,Finlândia,2014,12960,94962
Brasil,Finlândia,2015,0,0
Brasil,Finlândia,2016,7617,41003
Brasil,Finlândia,2017,0,0
Brasil,Finlândia,2018,0,0
Brasil,Finlândia,2019,0,0
Brasil,Finlândia,2020,0,0
Brasil,Finlândia,2021,0,0
Brasil,França,2007,6349,11231
Brasil,França,2008,11078,27500
Brasil,França,2009,0,0
Brasil,França,2010,3614,18904
Brasil,França,2011,0,0
Brasil,França,2012,195604,185791
Brasil,França,2013,6885,42256
Brasil,França,2014,33755,167807
Brasil,França,2015,1596,4749
Brasil,França,2016,6037,30055
Brasil,França,2017,4253,21654
Brasil,França,2018,11077,48677
Brasil,França,2019,18286,67072
Brasil,França,2020,12622,57144
Brasil,França,2021,7052,23742
Brasil,Gana,2007,0,0
Brasil,Gana,2008,18168,25642
Brasil,Gana,2009,0,0
Brasil,Gana,2010,0,0
Brasil,Gana,2011,0,0
Brasil,Gana,2012,0,0
Brasil,Gana,2013,0,0
Brasil,Gana,2014,0,0
Brasil,Gana,2015,0,0
Brasil,Gana,2016,0,0
Brasil,Gana,2017,0,0
Brasil,Gana,2018,9000,13502
Brasil,Gana,2019,7673,10010
Brasil,Gana,2020,18810,22027
Brasil,Gana,2021,12578,19196
Brasil,Gibraltar,2007,0,0
Brasil,Gibraltar,2008,0,0
Brasil,Gibraltar,2009,0,0
Brasil,Gibraltar,2010,0,0
Brasil,Gibraltar,2011,0,0
Brasil,Gibraltar,2012,0,0
Brasil,Gibraltar,2013,0,0
Brasil,Gibraltar,2014,0,0
Brasil,Gibraltar,2015,0,0
Brasil,Gibraltar,2016,0,0
Brasil,Gibraltar,2017,0,0
Brasil,Gibraltar,2018,0,0
Brasil,Gibraltar,2019,23,93
Brasil,Gibraltar,2020,769,2860
Brasil,Gibraltar,2021,0,0
Brasil,Grécia,2007,0,0
Brasil,Grécia,2008,0,0
Brasil,Grécia,2009,0,0
Brasil,Grécia,2010,0,0
Brasil,Grécia,2011,0,0
Brasil,Grécia,2012,0,0
Brasil,Grécia,2013,0,0
Brasil,Grécia,2014,0,0
Brasil,Grécia,2015,0,0
Brasil,Grécia,2016,0,0
Brasil,Grécia,2017,0,0
Brasil,Grécia,2018,232,730
Brasil,Grécia,2019,561,1994
Brasil,Grécia,2020,6859,18092
Brasil,Grécia,2021,908,3014
Brasil,Guatemala,2007,0,0
Brasil,Guatemala,2008,0,0
Brasil,Guatemala,2009,20,20
Brasil,Guatemala,2010,0,0
Brasil,Guatemala,2011,0,0
Brasil,Guatemala,2012,0,0
Brasil,Guatemala,2013,0,0
Brasil,Guatemala,2014,0,0
Brasil,Guatemala,2015,0,0
Brasil,Guatemala,2016,0,0
Brasil,Guatemala,2017,0,0
Brasil,Guatemala,2018,0,0
Brasil,Guatemala,2019,1597,8719
Brasil,Guatemala,2020,0,0
Brasil,Guatemala,2021,17347,29100
Brasil,Guiana,2007,0,0
Brasil,Guiana,2008,0,0
Brasil,Guiana,2009,0,0
Brasil,Guiana,2010,783,3654
Brasil,Guiana,2011,0,0
Brasil,Guiana,2012,0,0
Brasil,Guiana,2013,0,0
Brasil,Guiana,2014,0,0
Brasil,Guiana,2015,0,0
Brasil,Guiana,2016,0,0
Brasil,Guiana,2017,0,0
Brasil,Guiana,2018,0,0
Brasil,Guiana,2019,424,1311
Brasil,Guiana,2020,990,2577
Brasil,Guiana,2021,2372,6525
Brasil,Guiana Francesa,2007,0,0
Brasil,Guiana Francesa,2008,0,0
Brasil,Guiana Francesa,2009,0,0
Brasil,Guiana Francesa,2010,0,0
Brasil,Guiana Francesa,2011,0,0
Brasil,Guiana Francesa,2012,0,0
Brasil,Guiana Francesa,2013,0,0
Brasil,Guiana Francesa,2014,0,0
Brasil,Guiana Francesa,2015,0,0
Brasil,Guiana Francesa,2016,0,0
Brasil,Guiana Francesa,2017,0,0
Brasil,Guiana Francesa,2018,0,0
Brasil,Guiana Francesa,2019,0,0
Brasil,Guiana Francesa,2020,0,0
Brasil,Guiana Francesa,2021,90,32
Brasil,Guiné-Bissau,2007,0,0
Brasil,Guiné-Bissau,2008,0,0
Brasil,Guiné-Bissau,2009,0,0
Brasil,Guiné-Bissau,2010,0,0
Brasil,Guiné-Bissau,2011,0,0
Brasil,Guiné-Bissau,2012,0,0
Brasil,Guiné-Bissau,2013,0,0
Brasil,Guiné-Bissau,2014,0,0
Brasil,Guiné-Bissau,2015,0,0
Brasil,Guiné-Bissau,2016,0,0
Brasil,Guiné-Bissau,2017,48,90
Brasil,Guiné-Bissau,2018,0,0
Brasil,Guiné-Bissau,2019,0,0
Brasil,Guiné-Bissau,2020,0,0
Brasil,Guiné-Bissau,2021,0,0
Brasil,Guiné Equatorial,2007,0,0
Brasil,Guiné Equatorial,2008,548,1417
Brasil,Guiné Equatorial,2009,169,272
Brasil,Guiné Equatorial,2010,410,1015
Brasil,Guiné Equatorial,2011,956,1979
Brasil,Guiné Equatorial,2012,819,2530
Brasil,Guiné Equatorial,2013,1108,5336
Brasil,Guiné Equatorial,2014,5646,11983
Brasil,Guiné Equatorial,2015,0,0
Brasil,Guiné Equatorial,2016,0,0
Brasil,Guiné Equatorial,2017,2639,30563
Brasil,Guiné Equatorial,2018,8389,26808
Brasil,Guiné Equatorial,2019,0,0
Brasil,Guiné Equatorial,2020,0,0
Brasil,Guiné Equatorial,2021,0,0
Brasil,Haiti,2007,0,0
Brasil,Haiti,2008,20,20
Brasil,Haiti,2009,4500,5863
Brasil,Haiti,2010,2700,3750
Brasil,Haiti,2011,0,0
Brasil,Haiti,2012,0,0
Brasil,Haiti,2013,0,0
Brasil,Haiti,2014,0,0
Brasil,Haiti,2015,0,0
Brasil,Haiti,2016,0,0
Brasil,Haiti,2017,0,0
Brasil,Haiti,2018,79500,144425
Brasil,Haiti,2019,81873,129803
Brasil,Haiti,2020,399128,471152
Brasil,Haiti,2021,670379,831181
Brasil,Honduras,2007,0,0
Brasil,Honduras,2008,162,580
Brasil,Honduras,2009,14,30
Brasil,Honduras,2010,0,0
Brasil,Honduras,2011,0,0
Brasil,Honduras,2012,0,0
Brasil,Honduras,2013,0,0
Brasil,Honduras,2014,0,0
Brasil,Honduras,2015,0,0
Brasil,Honduras,2016,0,0
Brasil,Honduras,2017,0,0
Brasil,Honduras,2018,0,0
Brasil,Honduras,2019,0,0
Brasil,Honduras,2020,0,0
Brasil,Honduras,2021,0,0
Brasil,Hong Kong,2007,0,0
Brasil,Hong Kong,2008,2430,13460
Brasil,Hong Kong,2009,50319,27188
Brasil,Hong Kong,2010,0,0
Brasil,Hong Kong,2011,2063,7975
Brasil,Hong Kong,2012,1609,7653
Brasil,Hong Kong,2013,16013,61224
Brasil,Hong Kong,2014,18130,63534
Brasil,Hong Kong,2015,1229,7837
Brasil,Hong Kong,2016,6975,86199
Brasil,Hong Kong,2017,1934,8180
Brasil,Hong Kong,2018,1742,9029
Brasil,Hong Kong,2019,9651,42020
Brasil,Hong Kong,2020,15159,41987
Brasil,Hong Kong,2021,12507,39390
Brasil,Hungria,2007,0,0
Brasil,Hungria,2008,0,0
Brasil,Hungria,2009,0,0
Brasil,Hungria,2010,540,4103
Brasil,Hungria,2011,0,0
Brasil,Hungria,2012,0,0
Brasil,Hungria,2013,0,0
Brasil,Hungria,2014,0,0
Brasil,Hungria,2015,0,0
Brasil,Hungria,2016,0,0
Brasil,Hungria,2017,0,0
Brasil,Hungria,2018,0,0
Brasil,Hungria,2019,0,0
Brasil,Hungria,2020,0,0
Brasil,Hungria,2021,87,583
Brasil,Ilha de Man,2007,0,0
Brasil,Ilha de Man,2008,0,0
Brasil,Ilha de Man,2009,0,0
Brasil,Ilha de Man,2010,0,0
Brasil,Ilha de Man,2011,0,0
Brasil,Ilha de Man,2012,0,0
Brasil,Ilha de Man,2013,0,0
Brasil,Ilha de Man,2014,0,0
Brasil,Ilha de Man,2015,0,0
Brasil,Ilha de Man,2016,0,0
Brasil,Ilha de Man,2017,0,0
Brasil,Ilha de Man,2018,0,0
Brasil,Ilha de Man,2019,28,175
Brasil,Ilha de Man,2020,11,121
Brasil,Ilha de Man,2021,97,445
Brasil,Ilhas Virgens,2007,0,0
Brasil,Ilhas Virgens,2008,0,0
Brasil,Ilhas Virgens,2009,0,0
Brasil,Ilhas Virgens,2010,0,0
Brasil,Ilhas Virgens,2011,0,0
Brasil,Ilhas Virgens,2012,0,0
Brasil,Ilhas Virgens,2013,0,0
Brasil,Ilhas Virgens,2014,0,0
Brasil,Ilhas Virgens,2015,0,0
Brasil,Ilhas Virgens,2016,0,0
Brasil,Ilhas Virgens,2017,0,0
Brasil,Ilhas Virgens,2018,0,0
Brasil,Ilhas Virgens,2019,0,0
Brasil,Ilhas Virgens,2020,0,0
Brasil,Ilhas Virgens,2021,0,0
Brasil,Índia,2007,0,0
Brasil,Índia,2008,0,0
Brasil,Índia,2009,0,0
Brasil,Índia,2010,0,0
Brasil,Índia,2011,0,0
Brasil,Índia,2012,0,0
Brasil,Índia,2013,0,0
Brasil,Índia,2014,0,0
Brasil,Índia,2015,0,0
Brasil,Índia,2016,0,0
Brasil,Índia,2017,0,0
Brasil,Índia,2018,0,0
Brasil,Índia,2019,51,273
Brasil,Índia,2020,7,10
Brasil,Índia,2021,13,86
Brasil,Indonésia,2007,0,0
Brasil,Indonésia,2008,0,0
Brasil,Indonésia,2009,0,0
Brasil,Indonésia,2010,0,0
Brasil,Indonésia,2011,0,0
Brasil,Indonésia,2012,0,0
Brasil,Indonésia,2013,0,0
Brasil,Indonésia,2014,0,0
Brasil,Indonésia,2015,0,0
Brasil,Indonésia,2016,0,0
Brasil,Indonésia,2017,0,0
Brasil,Indonésia,2018,0,0
Brasil,Indonésia,2019,0,0
Brasil,Indonésia,2020,5,6
Brasil,Indonésia,2021,0,0
Brasil,Irã,2007,0,0
Brasil,Irã,2008,0,0
Brasil,Irã,2009,0,0
Brasil,Irã,2010,0,0
Brasil,Irã,2011,0,0
Brasil,Irã,2012,0,0
Brasil,Irã,2013,0,0
Brasil,Irã,2014,0,0
Brasil,Irã,2015,0,0
Brasil,Irã,2016,0,0
Brasil,Irã,2017,0,0
Brasil,Irã,2018,0,0
Brasil,Irã,2019,0,0
Brasil,Irã,2020,21,35
Brasil,Irã,2021,116,287
Brasil,Iraque,2007,0,0
Brasil,Iraque,2008,0,0
Brasil,Iraque,2009,0,0
Brasil,Iraque,2010,0,0
Brasil,Iraque,2011,0,0
Brasil,Iraque,2012,0,0
Brasil,Iraque,2013,0,0
Brasil,Iraque,2014,0,0
Brasil,Iraque,2015,0,0
Brasil,Iraque,2016,0,0
Brasil,Iraque,2017,0,0
Brasil,Iraque,2018,0,0
Brasil,Iraque,2019,0,0
Brasil,Iraque,2020,0,0
Brasil,Iraque,2021,0,0
Brasil,Irlanda,2007,0,0
Brasil,Irlanda,2008,0,0
Brasil,Irlanda,2009,0,0
Brasil,Irlanda,2010,3969,42795
Brasil,Irlanda,2011,5376,35690
Brasil,Irlanda,2012,0,0
Brasil,Irlanda,2013,0,0
Brasil,Irlanda,2014,0,0
Brasil,Irlanda,2015,0,0
Brasil,Irlanda,2016,0,0
Brasil,Irlanda,2017,0,0
Brasil,Irlanda,2018,7560,25767
Brasil,Irlanda,2019,0,0
Brasil,Irlanda,2020,29,257
Brasil,Irlanda,2021,36,208
Brasil,Itália,2007,7209,19860
Brasil,Itália,2008,0,0
Brasil,Itália,2009,1817,5251
Brasil,Itália,2010,1458,4828
Brasil,Itália,2011,11999,80298
Brasil,Itália,2012,792,5622
Brasil,Itália,2013,1710,11967
Brasil,Itália,2014,604,2492
Brasil,Itália,2015,0,0
Brasil,Itália,2016,585,3465
Brasil,Itália,2017,468,2248
Brasil,Itália,2018,3661,13260
Brasil,Itália,2019,587,1625
Brasil,Itália,2020,91,376
Brasil,Itália,2021,696,3715
Brasil,Jamaica,2007,0,0
Brasil,Jamaica,2008,0,0
Brasil,Jamaica,2009,0,0
Brasil,Jamaica,2010,0,0
Brasil,Jamaica,2011,0,0
Brasil,Jamaica,2012,0,0
Brasil,Jamaica,2013,0,0
Brasil,Jamaica,2014,0,0
Brasil,Jamaica,2015,0,0
Brasil,Jamaica,2016,0,0
Brasil,Jamaica,2017,0,0
Brasil,Jamaica,2018,0,0
Brasil,Jamaica,2019,0,0
Brasil,Jamaica,2020,0,0
Brasil,Jamaica,2021,0,0
Brasil,Japão,2007,357943,316867
Brasil,Japão,2008,232293,178333
Brasil,Japão,2009,217974,283436
Brasil,Japão,2010,112178,74628
Brasil,Japão,2011,100835,144662
Brasil,Japão,2012,29281,116961
Brasil,Japão,2013,91988,429088
Brasil,Japão,2014,106426,401774
Brasil,Japão,2015,31597,87853
Brasil,Japão,2016,34341,90954
Brasil,Japão,2017,33909,92886
Brasil,Japão,2018,36992,112342
Brasil,Japão,2019,40621,99642
Brasil,Japão,2020,36442,92674
Brasil,Japão,2021,39491,90275
Brasil,Jordânia,2007,0,0
Brasil,Jordânia,2008,0,0
Brasil,Jordânia,2009,0,0
Brasil,Jordânia,2010,0,0
Brasil,Jordânia,2011,0,0
Brasil,Jordânia,2012,0,0
Brasil,Jordânia,2013,0,0
Brasil,Jordânia,2014,0,0
Brasil,Jordânia,2015,0,0
Brasil,Jordânia,2016,0,0
Brasil,Jordânia,2017,0,0
Brasil,Jordânia,2018,0,0
Brasil,Jordânia,2019,0,0
Brasil,Jordânia,2020,12,52
Brasil,Jordânia,2021,0,0
Brasil,Letônia,2007,0,0
Brasil,Letônia,2008,0,0
Brasil,Letônia,2009,0,0
Brasil,Letônia,2010,0,0
Brasil,Letônia,2011,0,0
Brasil,Letônia,2012,0,0
Brasil,Letônia,2013,0,0
Brasil,Letônia,2014,0,0
Brasil,Letônia,2015,0,0
Brasil,Letônia,2016,0,0
Brasil,Letônia,2017,387,3723
Brasil,Letônia,2018,0,0
Brasil,Letônia,2019,0,0
Brasil,Letônia,2020,0,0
Brasil,Letônia,2021,0,0
Brasil,Líbano,2007,0,0
Brasil,Líbano,2008,0,0
Brasil,Líbano,2009,0,0
Brasil,Líbano,2010,0,0
Brasil,Líbano,2011,0,0
Brasil,Líbano,2012,0,0
Brasil,Líbano,2013,0,0
Brasil,Líbano,2014,0,0
Brasil,Líbano,2015,0,0
Brasil,Líbano,2016,0,0
Brasil,Líbano,2017,0,0
Brasil,Líbano,2018,0,0
Brasil,Líbano,2019,0,0
Brasil,Líbano,2020,0,0
Brasil,Líbano,2021,0,0
Brasil,Libéria,2007,0,0
Brasil,Libéria,2008,0,0
Brasil,Libéria,2009,0,0
Brasil,Libéria,2010,0,0
Brasil,Libéria,2011,0,0
Brasil,Libéria,2012,0,0
Brasil,Libéria,2013,0,0
Brasil,Libéria,2014,0,0
Brasil,Libéria,2015,0,0
Brasil,Libéria,2016,0,0
Brasil,Libéria,2017,0,0
Brasil,Libéria,2018,658,3100
Brasil,Libéria,2019,4441,20068
Brasil,Libéria,2020,5155,17624
Brasil,Libéria,2021,7554,23060
Brasil,Luxemburgo,2007,785,2033
Brasil,Luxemburgo,2008,13606,42341
Brasil,Luxemburgo,2009,7845,42124
Brasil,Luxemburgo,2010,7344,32549
Brasil,Luxemburgo,2011,9547,65592
Brasil,Luxemburgo,2012,2444,16547
Brasil,Luxemburgo,2013,5135,29474
Brasil,Luxemburgo,2014,8281,52400
Brasil,Luxemburgo,2015,2295,17358
Brasil,Luxemburgo,2016,2759,21426
Brasil,Luxemburgo,2017,2719,21947
Brasil,Luxemburgo,2018,1778,11053
Brasil,Luxemburgo,2019,1666,11211
Brasil,Luxemburgo,2020,1086,5110
Brasil,Luxemburgo,2021,0,0
Brasil,Malásia,2007,0,0
Brasil,Malásia,2008,0,0
Brasil,Malásia,2009,0,0
Brasil,Malásia,2010,0,0
Brasil,Malásia,2011,0,0
Brasil,Malásia,2012,0,0
Brasil,Malásia,2013,0,0
Brasil,Malásia,2014,0,0
Brasil,Malásia,2015,0,0
Brasil,Malásia,2016,0,0
Brasil,Malásia,2017,0,0
Brasil,Malásia,2018,15,33
Brasil,Malásia,2019,48,110
Brasil,Malásia,2020,0,0
Brasil,Malásia,2021,0,0
Brasil,Malta,2007,0,0
Brasil,Malta,2008,0,0
Brasil,Malta,2009,0,0
Brasil,Malta,2010,0,0
Brasil,Malta,2011,0,0
Brasil,Malta,2012,0,0
Brasil,Malta,2013,0,0
Brasil,Malta,2014,0,0
Brasil,Malta,2015,0,0
Brasil,Malta,2016,0,0
Brasil,Malta,2017,0,0
Brasil,Malta,2018,503,1192
Brasil,Malta,2019,3661,8828
Brasil,Malta,2020,3490,9688
Brasil,Malta,2021,3441,15454
Brasil,Ilhas Marshall,2007,0,0
Brasil,Ilhas Marshall,2008,0,0
Brasil,Ilhas Marshall,2009,0,0
Brasil,Ilhas Marshall,2010,0,0
Brasil,Ilhas Marshall,2011,0,0
Brasil,Ilhas Marshall,2012,0,0
Brasil,Ilhas Marshall,2013,0,0
Brasil,Ilhas Marshall,2014,0,0
Brasil,Ilhas Marshall,2015,0,0
Brasil,Ilhas Marshall,2016,0,0
Brasil,Ilhas Marshall,2017,0,0
Brasil,Ilhas Marshall,2018,923,2436
Brasil,Ilhas Marshall,2019,7276,15786
Brasil,Ilhas Marshall,2020,6270,19639
Brasil,Ilhas Marshall,2021,8644,22561
Brasil,Mauritânia,2007,0,0
Brasil,Mauritânia,2008,0,0
Brasil,Mauritânia,2009,0,0
Brasil,Mauritânia,2010,0,0
Brasil,Mauritânia,2011,0,0
Brasil,Mauritânia,2012,0,0
Brasil,Mauritânia,2013,0,0
Brasil,Mauritânia,2014,0,0
Brasil,Mauritânia,2015,0,0
Brasil,Mauritânia,2016,0,0
Brasil,Mauritânia,2017,0,0
Brasil,Mauritânia,2018,0,0
Brasil,Mauritânia,2019,0,0
Brasil,Mauritânia,2020,0,0
Brasil,Mauritânia,2021,9,85
Brasil,México,2007,2453,15425
Brasil,México,2008,0,0
Brasil,México,2009,0,0
Brasil,México,2010,0,0
Brasil,México,2011,1350,7200
Brasil,México,2012,0,0
Brasil,México,2013,0,0
Brasil,México,2014,1521,24336
Brasil,México,2015,0,0
Brasil,México,2016,0,0
Brasil,México,2017,664,2292
Brasil,México,2018,2748,9744
Brasil,México,2019,4,4
Brasil,México,2020,24,226
Brasil,México,2021,9,2
Brasil,Montenegro,2007,0,0
Brasil,Montenegro,2008,0,0
Brasil,Montenegro,2009,0,0
Brasil,Montenegro,2010,0,0
Brasil,Montenegro,2011,0,0
Brasil,Montenegro,2012,0,0
Brasil,Montenegro,2013,0,0
Brasil,Montenegro,2014,0,0
Brasil,Montenegro,2015,0,0
Brasil,Montenegro,2016,0,0
Brasil,Montenegro,2017,0,0
Brasil,Montenegro,2018,0,0
Brasil,Montenegro,2019,9,46
Brasil,Montenegro,2020,9,20
Brasil,Montenegro,2021,14,65
Brasil,Namíbia,2007,0,0
Brasil,Namíbia,2008,340,722
Brasil,Namíbia,2009,0,0
Brasil,Namíbia,2010,0,0
Brasil,Namíbia,2011,0,0
Brasil,Namíbia,2012,0,0
Brasil,Namíbia,2013,0,0
Brasil,Namíbia,2014,0,0
Brasil,Namíbia,2015,0,0
Brasil,Namíbia,2016,0,0
Brasil,Namíbia,2017,0,0
Brasil,Namíbia,2018,0,0
Brasil,Namíbia,2019,0,0
Brasil,Namíbia,2020,0,0
Brasil,Namíbia,2021,0,0
Brasil,Nicarágua,2007,0,0
Brasil,Nicarágua,2008,0,0
Brasil,Nicarágua,2009,24,24
Brasil,Nicarágua,2010,0,0
Brasil,Nicarágua,2011,0,0
Brasil,Nicarágua,2012,0,0
Brasil,Nicarágua,2013,0,0
Brasil,Nicarágua,2014,0,0
Brasil,Nicarágua,2015,0,0
Brasil,Nicarágua,2016,0,0
Brasil,Nicarágua,2017,0,0
Brasil,Nicarágua,2018,0,0
Brasil,Nicarágua,2019,0,0
Brasil,Nicarágua,2020,0,0
Brasil,Nicarágua,2021,0,0
Brasil,Nigéria,2007,0,0
Brasil,Nigéria,2008,7560,10920
Brasil,Nigéria,2009,41,115
Brasil,Nigéria,2010,0,0
Brasil,Nigéria,2011,54,210
Brasil,Nigéria,2012,6449,10196
Brasil,Nigéria,2013,1350,2245
Brasil,Nigéria,2014,0,0
Brasil,Nigéria,2015,0,0
Brasil,Nigéria,2016,0,0
Brasil,Nigéria,2017,0,0
Brasil,Nigéria,2018,5175,6250
Brasil,Nigéria,2019,28437,38555
Brasil,Nigéria,2020,12094,26514
Brasil,Nigéria,2021,68247,113172
Brasil,Noruega,2007,10044,10044
Brasil,Noruega,2008,0,0
Brasil,Noruega,2009,0,0
Brasil,Noruega,2010,0,0
Brasil,Noruega,2011,10268,78688
Brasil,Noruega,2012,5104,31515
Brasil,Noruega,2013,2375,19008
Brasil,Noruega,2014,7179,50464
Brasil,Noruega,2015,1058,6021
Brasil,Noruega,2016,0,0
Brasil,Noruega,2017,0,0
Brasil,Noruega,2018,1295,9847
Brasil,Noruega,2019,628,3139
Brasil,Noruega,2020,1859,15134
Brasil,Noruega,2021,1878,8320
Brasil,Nova Caledônia,2007,0,0
Brasil,Nova Caledônia,2008,0,0
Brasil,Nova Caledônia,2009,0,0
Brasil,Nova Caledônia,2010,0,0
Brasil,Nova Caledônia,2011,0,0
Brasil,Nova Caledônia,2012,0,0
Brasil,Nova Caledônia,2013,0,0
Brasil,Nova Caledônia,2014,0,0
Brasil,Nova Caledônia,2015,0,0
Brasil,Nova Caledônia,2016,0,0
Brasil,Nova Caledônia,2017,0,0
Brasil,Nova Caledônia,2018,0,0
Brasil,Nova Caledônia,2019,0,0
Brasil,Nova Caledônia,2020,0,0
Brasil,Nova Caledônia,2021,7227,11924
Brasil,Nova Zelândia,2007,0,0
Brasil,Nova Zelândia,2008,0,0
Brasil,Nova Zelândia,2009,0,0
Brasil,Nova Zelândia,2010,0,0
Brasil,Nova Zelândia,2011,2587,7992
Brasil,Nova Zelândia,2012,2364,8817
Brasil,Nova Zelândia,2013,1004,4092
Brasil,Nova Zelândia,2014,2800,13675
Brasil,Nova Zelândia,2015,809,3476
Brasil,Nova Zelândia,2016,504,9472
Brasil,Nova Zelândia,2017,1678,8140
Brasil,Nova Zelândia,2018,969,5565
Brasil,Nova Zelândia,2019,500,2832
Brasil,Nova Zelândia,2020,95,515
Brasil,Nova Zelândia,2021,657,10477
Brasil,Países Baixos,2007,181046,364751
Brasil,Países Baixos,2008,340412,783635
Brasil,Países Baixos,2009,171654,136991
Brasil,Países Baixos,2010,87368,302182
Brasil,Países Baixos,2011,125414,395356
Brasil,Países Baixos,2012,134879,539641
Brasil,Países Baixos,2013,57792,255690
Brasil,Países Baixos,2014,165289,773767
Brasil,Países Baixos,2015,44987,186464
Brasil,Países Baixos,2016,42953,190203
Brasil,Países Baixos,2017,0,0
Brasil,Países Baixos,2018,9451,32395
Brasil,Países Baixos,2019,44882,148031
Brasil,Países Baixos,2020,248,1532
Brasil,Países Baixos,2021,3791,8484
Brasil,Panamá,2007,810,1030
Brasil,Panamá,2008,1161,1882
Brasil,Panamá,2009,24,30
Brasil,Panamá,2010,0,0
Brasil,Panamá,2011,0,0
Brasil,Panamá,2012,39,2262
Brasil,Panamá,2013,0,0
Brasil,Panamá,2014,0,0
Brasil,Panamá,2015,0,0
Brasil,Panamá,2016,0,0
Brasil,Panamá,2017,0,0
Brasil,Panamá,2018,1183,3117
Brasil,Panamá,2019,7918,29017
Brasil,Panamá,2020,10821,28372
Brasil,Panamá,2021,29520,48444
Brasil,Paraguai,2007,1285459,801519
Brasil,Paraguai,2008,2191901,1374088
Brasil,Paraguai,2009,486927,392087
Brasil,Paraguai,2010,510989,449197
Brasil,Paraguai,2011,240168,276281
Brasil,Paraguai,2012,354824,428279
Brasil,Paraguai,2013,481564,680828
Brasil,Paraguai,2014,521847,908028
Brasil,Paraguai,2015,495428,741370
Brasil,Paraguai,2016,985739,1655417
Brasil,Paraguai,2017,2393468,4274650
Brasil,Paraguai,2018,3234168,5494321
Brasil,Paraguai,2019,2419537,3826587
Brasil,Paraguai,2020,3299013,3869243
Brasil,Paraguai,2021,6522527,7192362
Brasil,Peru,2007,0,0
Brasil,Peru,2008,0,0
Brasil,Peru,2009,0,0
Brasil,Peru,2010,0,0
Brasil,Peru,2011,0,0
Brasil,Peru,2012,0,0
Brasil,Peru,2013,0,0
Brasil,Peru,2014,0,0
Brasil,Peru,2015,0,0
Brasil,Peru,2016,0,0
Brasil,Peru,2017,0,0
Brasil,Peru,2018,5193,19372
Brasil,Peru,2019,9755,17310
Brasil,Peru,2020,0,0
Brasil,Peru,2021,9720,17107
Brasil,Polônia,2007,0,0
Brasil,Polônia,2008,20290,58353
Brasil,Polônia,2009,6982,35797
Brasil,Polônia,2010,20464,95198
Brasil,Polônia,2011,11732,50684
Brasil,Polônia,2012,21663,89158
Brasil,Polônia,2013,19249,90960
Brasil,Polônia,2014,30181,107957
Brasil,Polônia,2015,11654,42781
Brasil,Polônia,2016,11457,35402
Brasil,Polônia,2017,0,0
Brasil,Polônia,2018,720,4679
Brasil,Polônia,2019,5,11
Brasil,Polônia,2020,74,86
Brasil,Polônia,2021,4,14
Brasil,Porto Rico,2007,0,0
Brasil,Porto Rico,2008,0,0
Brasil,Porto Rico,2009,0,0
Brasil,Porto Rico,2010,0,0
Brasil,Porto Rico,2011,0,0
Brasil,Porto Rico,2012,0,0
Brasil,Porto Rico,2013,0,0
Brasil,Porto Rico,2014,0,0
Brasil,Porto Rico,2015,0,0
Brasil,Porto Rico,2016,0,0
Brasil,Porto Rico,2017,0,0
Brasil,Porto Rico,2018,0,0
Brasil,Porto Rico,2019,0,0
Brasil,Porto Rico,2020,0,0
Brasil,Porto Rico,2021,0,0
Brasil,Portugal,2007,109074,165282
Brasil,Portugal,2008,49090,48942
Brasil,Portugal,2009,141000,168923
Brasil,Portugal,2010,4577,18970
Brasil,Portugal,2011,95,1031
Brasil,Portugal,2012,47172,47022
Brasil,Portugal,2013,23810,17627
Brasil,Portugal,2014,71544,79141
Brasil,Portugal,2015,47736,42586
Brasil,Portugal,2016,0,0
Brasil,Portugal,2017,0,0
Brasil,Portugal,2018,0,0
Brasil,Portugal,2019,18328,72413
Brasil,Portugal,2020,7958,34518
Brasil,Portugal,2021,6358,42633
Brasil,Quênia,2007,10600,13860
Brasil,Quênia,2008,0,0
Brasil,Quênia,2009,0,0
Brasil,Quênia,2010,0,0
Brasil,Quênia,2011,0,0
Brasil,Quênia,2012,94,458
Brasil,Quênia,2013,6,4
Brasil,Quênia,2014,0,0
Brasil,Quênia,2015,0,0
Brasil,Quênia,2016,0,0
Brasil,Quênia,2017,0,0
Brasil,Quênia,2018,6771,31225
Brasil,Quênia,2019,0,0
Brasil,Quênia,2020,0,0
Brasil,Quênia,2021,0,0
Brasil,Reino Unido,2007,84613,144244
Brasil,Reino Unido,2008,100097,155076
Brasil,Reino Unido,2009,30092,68788
Brasil,Reino Unido,2010,123624,295690
Brasil,Reino Unido,2011,122629,285642
Brasil,Reino Unido,2012,82937,334856
Brasil,Reino Unido,2013,59161,305005
Brasil,Reino Unido,2014,305807,1373747
Brasil,Reino Unido,2015,68382,308407
Brasil,Reino Unido,2016,117044,536681
Brasil,Reino Unido,2017,60711,242883
Brasil,Reino Unido,2018,67708,296827
Brasil,Reino Unido,2019,34295,164592
Brasil,Reino Unido,2020,22913,82722
Brasil,Reino Unido,2021,25316,122394
Brasil,República Dominicana,2007,601,2438
Brasil,República Dominicana,2008,0,0
Brasil,República Dominicana,2009,0,0
Brasil,República Dominicana,2010,0,0
Brasil,República Dominicana,2011,0,0
Brasil,República Dominicana,2012,0,0
Brasil,República Dominicana,2013,0,0
Brasil,República Dominicana,2014,0,0
Brasil,República Dominicana,2015,0,0
Brasil,República Dominicana,2016,0,0
Brasil,República Dominicana,2017,0,0
Brasil,República Dominicana,2018,0,0
Brasil,República Dominicana,2019,0,0
Brasil,República Dominicana,2020,0,0
Brasil,República Dominicana,2021,0,0
Brasil,Rússia,2007,266400,173160
Brasil,Rússia,2008,6207658,2352768
Brasil,Rússia,2009,21912914,5732280
Brasil,Rússia,2010,0,0
Brasil,Rússia,2011,0,0
Brasil,Rússia,2012,4528176,2103968
Brasil,Rússia,2013,5893291,14795694
Brasil,Rússia,2014,190656,61440
Brasil,Rússia,2015,47664,18240
Brasil,Rússia,2016,0,0
Brasil,Rússia,2017,0,0
Brasil,Rússia,2018,0,0
Brasil,Rússia,2019,0,0
Brasil,Rússia,2020,1463,8550
Brasil,Rússia,2021,181931,312926
Brasil,São Tomé e Príncipe,2007,0,0
Brasil,São Tomé e Príncipe,2008,0,0
Brasil,São Tomé e Príncipe,2009,0,0
Brasil,São Tomé e Príncipe,2010,0,0
Brasil,São Tomé e Príncipe,2011,0,0
Brasil,São Tomé e Príncipe,2012,0,0
Brasil,São Tomé e Príncipe,2013,0,0
Brasil,São Tomé e Príncipe,2014,0,0
Brasil,São Tomé e Príncipe,2015,0,0
Brasil,São Tomé e Príncipe,2016,0,0
Brasil,São Tomé e Príncipe,2017,0,0
Brasil,São Tomé e Príncipe,2018,2184,2357
Brasil,São Tomé e Príncipe,2019,0,0
Brasil,São Tomé e Príncipe,2020,0,0
Brasil,São Tomé e Príncipe,2021,0,0
Brasil,São Vicente e Granadinas,2007,0,0
Brasil,São Vicente e Granadinas,2008,0,0
Brasil,São Vicente e Granadinas,2009,0,0
Brasil,São Vicente e Granadinas,2010,0,0
Brasil,São Vicente e Granadinas,2011,0,0
Brasil,São Vicente e Granadinas,2012,0,0
Brasil,São Vicente e Granadinas,2013,0,0
Brasil,São Vicente e Granadinas,2014,0,0
Brasil,São Vicente e Granadinas,2015,0,0
Brasil,São Vicente e Granadinas,2016,0,0
Brasil,São Vicente e Granadinas,2017,0,0
Brasil,São Vicente e Granadinas,2018,0,0
Brasil,São Vicente e Granadinas,2019,0,0
Brasil,São Vicente e Granadinas,2020,0,0
Brasil,São Vicente e Granadinas,2021,8,48
Brasil,Senegal,2007,0,0
Brasil,Senegal,2008,0,0
Brasil,Senegal,2009,0,0
Brasil,Senegal,2010,0,0
Brasil,Senegal,2011,0,0
Brasil,Senegal,2012,0,0
Brasil,Senegal,2013,0,0
Brasil,Senegal,2014,0,0
Brasil,Senegal,2015,0,0
Brasil,Senegal,2016,0,0
Brasil,Senegal,2017,0,0
Brasil,Senegal,2018,0,0
Brasil,Senegal,2019,0,0
Brasil,Senegal,2020,0,0
Brasil,Senegal,2021,0,0
Brasil,Serra Leoa,2007,0,0
Brasil,Serra Leoa,2008,0,0
Brasil,Serra Leoa,2009,0,0
Brasil,Serra Leoa,2010,0,0
Brasil,Serra Leoa,2011,0,0
Brasil,Serra Leoa,2012,0,0
Brasil,Serra Leoa,2013,0,0
Brasil,Serra Leoa,2014,0,0
Brasil,Serra Leoa,2015,0,0
Brasil,Serra Leoa,2016,0,0
Brasil,Serra Leoa,2017,0,0
Brasil,Serra Leoa,2018,0,0
Brasil,Serra Leoa,2019,18,717
Brasil,Serra Leoa,2020,9240,13050
Brasil,Serra Leoa,2021,6525,12955
Brasil,Singapura,2007,7270,17864
Brasil,Singapura,2008,1233,4699
Brasil,Singapura,2009,2419,6110
Brasil,Singapura,2010,1533,5504
Brasil,Singapura,2011,911,3317
Brasil,Singapura,2012,1212,5310
Brasil,Singapura,2013,766,5779
Brasil,Singapura,2014,541,3887
Brasil,Singapura,2015,1116,2774
Brasil,Singapura,2016,5445,13199
Brasil,Singapura,2017,0,0
Brasil,Singapura,2018,3298,11616
Brasil,Singapura,2019,5044,19099
Brasil,Singapura,2020,4049,9316
Brasil,Singapura,2021,4504,14346
Brasil,Suazilândia,2007,0,0
Brasil,Suazilândia,2008,0,0
Brasil,Suazilândia,2009,0,0
Brasil,Suazilândia,2010,0,0
Brasil,Suazilândia,2011,0,0
Brasil,Suazilândia,2012,0,0
Brasil,Suazilândia,2013,0,0
Brasil,Suazilândia,2014,0,0
Brasil,Suazilândia,2015,0,0
Brasil,Suazilândia,2016,0,0
Brasil,Suazilândia,2017,0,0
Brasil,Suazilândia,2018,0,0
Brasil,Suazilândia,2019,0,0
Brasil,Suazilândia,2020,0,0
Brasil,Suazilândia,2021,10,24
Brasil,Suécia,2007,919,2448
Brasil,Suécia,2008,26984,84564
Brasil,Suécia,2009,28334,52826
Brasil,Suécia,2010,0,0
Brasil,Suécia,2011,1641,14476
Brasil,Suécia,2012,2705,17280
Brasil,Suécia,2013,3195,20183
Brasil,Suécia,2014,10404,51057
Brasil,Suécia,2015,1412,6404
Brasil,Suécia,2016,291,1214
Brasil,Suécia,2017,15445,64953
Brasil,Suécia,2018,8062,34563
Brasil,Suécia,2019,28,761
Brasil,Suécia,2020,6,24
Brasil,Suécia,2021,23,74
Brasil,Suíça,2007,26090,70716
Brasil,Suíça,2008,54384,216317
Brasil,Suíça,2009,27653,81319
Brasil,Suíça,2010,2025,21600
Brasil,Suíça,2011,0,0
Brasil,Suíça,2012,4014,47240
Brasil,Suíça,2013,2997,29785
Brasil,Suíça,2014,27933,231762
Brasil,Suíça,2015,15872,85790
Brasil,Suíça,2016,4230,33340
Brasil,Suíça,2017,6525,74816
Brasil,Suíça,2018,0,0
Brasil,Suíça,2019,2223,28503
Brasil,Suíça,2020,2827,27930
Brasil,Suíça,2021,627,6999
Brasil,Suriname,2007,2700,4603
Brasil,Suriname,2008,900,1625
Brasil,Suriname,2009,3830,12918
Brasil,Suriname,2010,1836,1269
Brasil,Suriname,2011,3774,3735
Brasil,Suriname,2012,396,1288
Brasil,Suriname,2013,1800,2960
Brasil,Suriname,2014,6,19
Brasil,Suriname,2015,453,713
Brasil,Suriname,2016,900,1375
Brasil,Suriname,2017,3690,5638
Brasil,Suriname,2018,0,0
Brasil,Suriname,2019,3206,4741
Brasil,Suriname,2020,4185,5277
Brasil,Suriname,2021,900,1472
Brasil,Tailândia,2007,839,2020
Brasil,Tailândia,2008,0,0
Brasil,Tailândia,2009,0,0
Brasil,Tailândia,2010,0,0
Brasil,Tailândia,2011,0,0
Brasil,Tailândia,2012,0,0
Brasil,Tailândia,2013,0,0
Brasil,Tailândia,2014,0,0
Brasil,Tailândia,2015,0,0
Brasil,Tailândia,2016,0,0
Brasil,Tailândia,2017,0,0
Brasil,Tailândia,2018,8,45
Brasil,Tailândia,2019,128,832
Brasil,Tailândia,2020,534,1753
Brasil,Tailândia,2021,1334,2529
Brasil,Taiwan (Formosa),2007,6377,11214
Brasil,Taiwan (Formosa),2008,10030,18679
Brasil,Taiwan (Formosa),2009,0,0
Brasil,Taiwan (Formosa),2010,0,0
Brasil,Taiwan (Formosa),2011,4500,10600
Brasil,Taiwan (Formosa),2012,0,0
Brasil,Taiwan (Formosa),2013,0,0
Brasil,Taiwan (Formosa),2014,12519,67907
Brasil,Taiwan (Formosa),2015,7200,23940
Brasil,Taiwan (Formosa),2016,16967,80379
Brasil,Taiwan (Formosa),2017,14988,43954
Brasil,Taiwan (Formosa),2018,7589,18421
Brasil,Taiwan (Formosa),2019,12,67
Brasil,Taiwan (Formosa),2020,963,4673
Brasil,Taiwan (Formosa),2021,1313,8153
Brasil,Tanzânia,2007,0,0
Brasil,Tanzânia,2008,0,0
Brasil,Tanzânia,2009,0,0
Brasil,Tanzânia,2010,0,0
Brasil,Tanzânia,2011,0,0
Brasil,Tanzânia,2012,0,0
Brasil,Tanzânia,2013,0,0
Brasil,Tanzânia,2014,0,0
Brasil,Tanzânia,2015,0,0
Brasil,Tanzânia,2016,0,0
Brasil,Tanzânia,2017,0,0
Brasil,Tanzânia,2018,0,0
Brasil,Tanzânia,2019,0,0
Brasil,Tanzânia,2020,0,0
Brasil,Tanzânia,2021,0,0
Brasil,República Tcheca,2007,85303,189620
Brasil,República Tcheca,2008,17135,64709
Brasil,República Tcheca,2009,9269,43902
Brasil,República Tcheca,2010,1091,5285
Brasil,República Tcheca,2011,6846,37271
Brasil,República Tcheca,2012,7960,27789
Brasil,República Tcheca,2013,3697,23549
Brasil,República Tcheca,2014,4500,35005
Brasil,República Tcheca,2015,2297,15304
Brasil,República Tcheca,2016,3837,28473
Brasil,República Tcheca,2017,2746,16947
Brasil,República Tcheca,2018,2712,20980
Brasil,República Tcheca,2019,2115,16391
Brasil,República Tcheca,2020,563,4805
Brasil,República Tcheca,2021,456,5988
Brasil,Togo,2007,11,11
Brasil,Togo,2008,5160,7800
Brasil,Togo,2009,0,0
Brasil,Togo,2010,0,0
Brasil,Togo,2011,0,0
Brasil,Togo,2012,0,0
Brasil,Togo,2013,0,0
Brasil,Togo,2014,0,0
Brasil,Togo,2015,0,0
Brasil,Togo,2016,0,0
Brasil,Togo,2017,0,0
Brasil,Togo,2018,0,0
Brasil,Togo,2019,0,0
Brasil,Togo,2020,0,0
Brasil,Togo,2021,1890,2012
Brasil,Trinidad e Tobago,2007,0,0
Brasil,Trinidad e Tobago,2008,0,0
Brasil,Trinidad e Tobago,2009,0,0
Brasil,Trinidad e Tobago,2010,0,0
Brasil,Trinidad e Tobago,2011,0,0
Brasil,Trinidad e Tobago,2012,531,2720
Brasil,Trinidad e Tobago,2013,0,0
Brasil,Trinidad e Tobago,2014,360,1600
Brasil,Trinidad e Tobago,2015,0,0
Brasil,Trinidad e Tobago,2016,0,0
Brasil,Trinidad e Tobago,2017,0,0
Brasil,Trinidad e Tobago,2018,0,0
Brasil,Trinidad e Tobago,2019,0,0
Brasil,Trinidad e Tobago,2020,0,0
Brasil,Trinidad e Tobago,2021,0,0
Brasil,Tunísia,2007,0,0
Brasil,Tunísia,2008,0,0
Brasil,Tunísia,2009,0,0
Brasil,Tunísia,2010,0,0
Brasil,Tunísia,2011,0,0
Brasil,Tunísia,2012,0,0
Brasil,Tunísia,2013,0,0
Brasil,Tunísia,2014,0,0
Brasil,Tunísia,2015,0,0
Brasil,Tunísia,2016,0,0
Brasil,Tunísia,2017,0,0
Brasil,Tunísia,2018,0,0
Brasil,Tunísia,2019,0,0
Brasil,Tunísia,2020,0,0
Brasil,Tunísia,2021,0,0
Brasil,Turquia,2007,0,0
Brasil,Turquia,2008,0,0
Brasil,Turquia,2009,0,0
Brasil,Turquia,2010,0,0
Brasil,Turquia,2011,0,0
Brasil,Turquia,2012,0,0
Brasil,Turquia,2013,0,0
Brasil,Turquia,2014,0,0
Brasil,Turquia,2015,0,0
Brasil,Turquia,2016,0,0
Brasil,Turquia,2017,0,0
Brasil,Turquia,2018,360,150
Brasil,Turquia,2019,115,209
Brasil,Turquia,2020,0,0
Brasil,Turquia,2021,343,878
Brasil,Tuvalu,2007,0,0
Brasil,Tuvalu,2008,0,0
Brasil,Tuvalu,2009,0,0
Brasil,Tuvalu,2010,0,0
Brasil,Tuvalu,2011,0,0
Brasil,Tuvalu,2012,0,0
Brasil,Tuvalu,2013,0,0
Brasil,Tuvalu,2014,0,0
Brasil,Tuvalu,2015,0,0
Brasil,Tuvalu,2016,0,0
Brasil,Tuvalu,2017,0,0
Brasil,Tuvalu,2018,0,0
Brasil,Tuvalu,2019,0,0
Brasil,Tuvalu,2020,2,4
Brasil,Tuvalu,2021,0,0
Brasil,Uruguai,2007,0,0
Brasil,Uruguai,2008,0,0
Brasil,Uruguai,2009,0,0
Brasil,Uruguai,2010,914,2929
Brasil,Uruguai,2011,1238,4404
Brasil,Uruguai,2012,1135,3879
Brasil,Uruguai,2013,1526,13343
Brasil,Uruguai,2014,0,0
Brasil,Uruguai,2015,0,0
Brasil,Uruguai,2016,0,0
Brasil,Uruguai,2017,0,0
Brasil,Uruguai,2018,7711,29617
Brasil,Uruguai,2019,6180,18497
Brasil,Uruguai,2020,0,0
Brasil,Uruguai,2021,136774,149842
Brasil,Vanuatu,2007,0,0
Brasil,Vanuatu,2008,0,0
Brasil,Vanuatu,2009,0,0
Brasil,Vanuatu,2010,0,0
Brasil,Vanuatu,2011,0,0
Brasil,Vanuatu,2012,0,0
Brasil,Vanuatu,2013,0,0
Brasil,Vanuatu,2014,0,0
Brasil,Vanuatu,2015,0,0
Brasil,Vanuatu,2016,0,0
Brasil,Vanuatu,2017,0,0
Brasil,Vanuatu,2018,0,0
Brasil,Vanuatu,2019,0,0
Brasil,Vanuatu,2020,18,31
Brasil,Vanuatu,2021,0,0
Brasil,Venezuela,2007,20700,27370
Brasil,Venezuela,2008,0,0
Brasil,Venezuela,2009,0,0
Brasil,Venezuela,2010,0,0
Brasil,Venezuela,2011,0,0
Brasil,Venezuela,2012,1029,7492
Brasil,Venezuela,2013,0,0
Brasil,Venezuela,2014,14,232
Brasil,Venezuela,2015,0,0
Brasil,Venezuela,2016,0,0
Brasil,Venezuela,2017,680,2646
Brasil,Venezuela,2018,71,355
Brasil,Venezuela,2019,0,0
Brasil,Venezuela,2020,4086,9808
Brasil,Venezuela,2021,26415,35944
Brasil,Vietnã,2007,0,0
Brasil,Vietnã,2008,0,0
Brasil,Vietnã,2009,743,2143
Brasil,Vietnã,2010,8820,9977
Brasil,Vietnã,2011,0,0
Brasil,Vietnã,2012,0,0
Brasil,Vietnã,2013,0,0
Brasil,Vietnã,2014,0,0
Brasil,Vietnã,2015,0,0
Brasil,Vietnã,2016,0,0
Brasil,Vietnã,2017,0,0
Brasil,Vietnã,2018,0,0
Brasil,Vietnã,2019,20,32
Brasil,Vietnã,2020,86,584
Brasil,Vietnã,2021,0,0